<?xml version="1.0" encoding="UTF-8"?>
	<!--
		Used to make a release zip containing the application jar and all
		dependencies. This file is referenced in pom.xml.
	-->
<assembly>
	<id>assembly</id>
	<formats>
		<format>zip</format>
	</formats>
	<includeBaseDirectory>false</includeBaseDirectory>
	<fileSets>
		<!-- Include the main application jar -->
		<fileSet>
			<directory>target</directory>
			<outputDirectory></outputDirectory>
			<includes>
				<include>jskycat-${jsky-version}.jar
				</include>
			</includes>
		</fileSet>
		<!-- Include a start script that calls java -jar ... -->
		<fileSet>
			<directory>src/main/assembly</directory>
			<outputDirectory></outputDirectory>
                        <fileMode>0755</fileMode>
			<includes>
				<include>jskycat</include>
			</includes>
		</fileSet>
	</fileSets>
	<dependencySets>
		<dependencySet>
			<outputDirectory>lib</outputDirectory>
			<unpack>false</unpack>
			<scope>runtime</scope>
			<excludes>
				<exclude>jsky:jskycat</exclude>
			</excludes>
		</dependencySet>
	</dependencySets>
</assembly>
