<?xml version="1.0" encoding="UTF-8"?>
<!DOCTYPE catalogs PUBLIC "-//JSky//DTD for Catalog Access//EN" "AstroCat.dtd">

<catalogs version="1.0">
    <catalog name="Splatalogue Simple Line Access Service" type="catalog"/>
    <catalog name="2MASS All-Sky Atlas Image Service" type="archive"/>
    <catalog name="2MASS All-Sky Catalog of Point Sources (Cutri+ 2003)" type="catalog"/>
    <catalog name="2MASS All-Sky Extended Source Catalog" type="catalog"/>
    <catalog name="2MASS All-Sky Point Source Catalog" type="catalog"/>
    <catalog name="2MASS All-Sky Quicklook Image Service" type="archive"/>
    <catalog name="2MASS Catalog at CDS" type="catalog"/>
    <catalog name="2MASS Large Galaxy Atlas" type="archive"/>
    <catalog name="The 2MASS All-Sky Catalog" type="catalog"/>
    <catalog name="ABELL at CADC" type="catalog"/>
    <catalog name="Data release 6 of Sloan Digital Sky Survey catalogs" type="catalog"/>
    <catalog name="Digitized Sky (Version II infrared) at ESO" type="imagesvr"/>
    <catalog name="Digitized Sky (Version II) at ESO" type="imagesvr"/>
    <catalog name="Digitized Sky at CADC (2nd Generation)" type="imagesvr"/>
    <catalog name="Digitized Sky at CADC" type="imagesvr"/>
    <catalog name="Digitized Sky at ESO" type="imagesvr"/>
    <catalog name="GSC-2 at ESO" type="catalog"/>
    <catalog name="Guide Star Catalog at CADC" type="catalog"/>
    <catalog name="Guide Star Catalog at ESO" type="catalog"/>
    <catalog name="IRAS at CADC" type="catalog"/>
    <catalog name="NED at ESO" type="catalog"/>
    <catalog name="PPM at ESO" type="catalog"/>
    <catalog name="QSO at CADC" type="catalog"/>
    <catalog name="RC3 at CADC" type="catalog"/>
    <catalog name="SAO at CADC" type="catalog"/>
    <catalog name="SIMBAD via ESO" type="catalog"/>
    <catalog name="Sloan Digital Sky Survey (DR3)" type="catalog"/>
    <catalog name="Sloan Digital Sky Survey (DR5)" type="catalog"/>
    <catalog name="Sloan Digital Sky Survey DR1" type="archive"/>
    <catalog name="Sloan Digital Sky Survey DR2" type="archive"/>
    <catalog name="Sloan Digital Sky Survey DR3" type="archive"/>
    <catalog name="Sloan Digital Sky Survey DR4 - Images" type="archive"/>
    <catalog name="Sloan Digital Sky Survey DR4" type="archive"/>
    <catalog name="Sloan Digital Sky Survey DR5 - Images" type="archive"/>
    <catalog name="Sloan Digitized Sky Survey(DR1)" type="catalog"/>
    <catalog name="Sloan Digitized Sky Survey(DR2)" type="catalog"/>
    <catalog name="Sloan Digitized Sky Survey(DR4)" type="catalog"/>
    <catalog name="UCAC2 Catalog at CDS" type="catalog"/>
    <catalog name="USNO at CADC" type="catalog"/>
    <catalog name="USNO at ESO" type="catalog"/>
    <catalog name="ZCAT at CADC" type="catalog"/>

    <catalog name="AstroGrid Registry" type="directory" class="jsky.catalog.vo.VoCatalogDirectory" protocol="http"
             host="registry.astrogrid.org" port="-1" path="/astrogrid-registry/services/RegistryQueryv1_0"/>

    <catalog name="SLAP Services" type="directory" path="Slap.xml"/>

    <catalog name="Skycat Catalogs" type="directory" class="jsky.catalog.skycat.SkycatConfigFile"/>

</catalogs>
